cik,ticker,accn,form,fy,10k_path
320193,AAPL,0000320193-21-000105,10-K,2021,https://www.sec.gov/Archives/edgar/data/320193/000032019321000105/0000320193-21-000105.txt
789019,MSFT,0001564590-21-039151,10-K,2021,https://www.sec.gov/Archives/edgar/data/789019/000156459021039151/0001564590-21-039151.txt
1652044,GOOGL,0001652044-22-000019,10-K,2021,https://www.sec.gov/Archives/edgar/data/1652044/000165204422000019/0001652044-22-000019.txt
1018724,AMZN,0001018724-22-000005,10-K,2021,https://www.sec.gov/Archives/edgar/data/1018724/000101872422000005/0001018724-22-000005.txt
1318605,TSLA,0000950170-22-000796,10-K,2021,https://www.sec.gov/Archives/edgar/data/1318605/000095017022000796/0000950170-22-000796.txt
1067983,BRK-B,0001564590-21-009611,10-K,2020,https://www.sec.gov/Archives/edgar/data/1067983/000156459021009611/0001564590-21-009611.txt
1326801,FB,0001326801-22-000018,10-K,2021,https://www.sec.gov/Archives/edgar/data/1326801/000132680122000018/0001326801-22-000018.txt
1045810,NVDA,0001045810-21-000010,10-K,2020,https://www.sec.gov/Archives/edgar/data/1045810/000104581021000010/0001045810-21-000010.txt
19617,JPM,0000019617-21-000236,10-K,2020,https://www.sec.gov/Archives/edgar/data/19617/000001961721000236/0000019617-21-000236.txt
731766,UNH,0000731766-22-000008,10-K,2021,https://www.sec.gov/Archives/edgar/data/731766/000073176622000008/0000731766-22-000008.txt
200406,JNJ,0000200406-21-000008,10-K,2020,https://www.sec.gov/Archives/edgar/data/200406/000020040621000008/0000200406-21-000008.txt
70858,BAC,0000070858-21-000023,10-K,2020,https://www.sec.gov/Archives/edgar/data/70858/000007085821000023/0000070858-21-000023.txt
80424,PG,0000080424-21-000100,10-K,2021,https://www.sec.gov/Archives/edgar/data/80424/000008042421000100/0000080424-21-000100.txt
104169,WMT,0000104169-21-000033,10-K,2020,https://www.sec.gov/Archives/edgar/data/104169/000010416921000033/0000104169-21-000033.txt
1141391,MA,0001141391-22-000023,10-K,2021,https://www.sec.gov/Archives/edgar/data/1141391/000114139122000023/0001141391-22-000023.txt
354950,HD,0000354950-21-000089,10-K,2020,https://www.sec.gov/Archives/edgar/data/354950/000035495021000089/0000354950-21-000089.txt
34088,XOM,0000034088-21-000012,10-K,2020,https://www.sec.gov/Archives/edgar/data/34088/000003408821000012/0000034088-21-000012.txt
78003,PFE,0000078003-21-000038,10-K,2020,https://www.sec.gov/Archives/edgar/data/78003/000007800321000038/0000078003-21-000038.txt
1744489,DIS,0001744489-21-000220,10-K,2021,https://www.sec.gov/Archives/edgar/data/1744489/000174448921000220/0001744489-21-000220.txt
93410,CVX,0000093410-21-000009,10-K,2020,https://www.sec.gov/Archives/edgar/data/93410/000009341021000009/0000093410-21-000009.txt
21344,KO,0000021344-21-000008,10-K,2020,https://www.sec.gov/Archives/edgar/data/21344/000002134421000008/0000021344-21-000008.txt
1551152,ABBV,0001551152-21-000008,10-K,2020,https://www.sec.gov/Archives/edgar/data/1551152/000155115221000008/0001551152-21-000008.txt
1730168,AVGO,0001730168-21-000153,10-K,2021,https://www.sec.gov/Archives/edgar/data/1730168/000173016821000153/0001730168-21-000153.txt
72971,WFC,0000072971-21-000197,10-K,2020,https://www.sec.gov/Archives/edgar/data/72971/000007297121000197/0000072971-21-000197.txt
77476,PEP,0000077476-22-000010,10-K,2021,https://www.sec.gov/Archives/edgar/data/77476/000007747622000010/0000077476-22-000010.txt
796343,ADBE,0000796343-22-000032,10-K,2021,https://www.sec.gov/Archives/edgar/data/796343/000079634322000032/0000796343-22-000032.txt
909832,COST,0000909832-21-000014,10-K,2021,https://www.sec.gov/Archives/edgar/data/909832/000090983221000014/0000909832-21-000014.txt
59478,LLY,0000059478-21-000083,10-K,2020,https://www.sec.gov/Archives/edgar/data/59478/000005947821000083/0000059478-21-000083.txt
858877,CSCO,0000858877-21-000013,10-K,2021,https://www.sec.gov/Archives/edgar/data/858877/000085887721000013/0000858877-21-000013.txt
320187,NKE,0000320187-21-000028,10-K,2021,https://www.sec.gov/Archives/edgar/data/320187/000032018721000028/0000320187-21-000028.txt
732712,VZ,0000732712-22-000008,10-K,2021,https://www.sec.gov/Archives/edgar/data/732712/000073271222000008/0000732712-22-000008.txt
97745,TMO,0000097745-21-000011,10-K,2020,https://www.sec.gov/Archives/edgar/data/97745/000009774521000011/0000097745-21-000011.txt
1800,ABT,0001104659-21-025751,10-K,2020,https://www.sec.gov/Archives/edgar/data/1800/000110465921025751/0001104659-21-025751.txt
1166691,CMCSA,0001166691-22-000009,10-K,2021,https://www.sec.gov/Archives/edgar/data/1166691/000116669122000009/0001166691-22-000009.txt
1341439,ORCL,0001564590-21-033616,10-K,2021,https://www.sec.gov/Archives/edgar/data/1341439/000156459021033616/0001564590-21-033616.txt
1467373,ACN,0001467373-21-000229,10-K,2021,https://www.sec.gov/Archives/edgar/data/1467373/000146737321000229/0001467373-21-000229.txt
1108524,CRM,0001108524-21-000014,10-K,2020,https://www.sec.gov/Archives/edgar/data/1108524/000110852421000014/0001108524-21-000014.txt
313616,DHR,0000313616-21-000045,10-K,2020,https://www.sec.gov/Archives/edgar/data/313616/000031361621000045/0000313616-21-000045.txt
50863,INTC,0000050863-22-000007,10-K,2021,https://www.sec.gov/Archives/edgar/data/50863/000005086322000007/0000050863-22-000007.txt
310158,MRK,0000310158-21-000004,10-K,2020,https://www.sec.gov/Archives/edgar/data/310158/000031015821000004/0000310158-21-000004.txt
63908,MCD,0000063908-21-000013,10-K,2020,https://www.sec.gov/Archives/edgar/data/63908/000006390821000013/0000063908-21-000013.txt
1090727,UPS,0001090727-21-000013,10-K,2020,https://www.sec.gov/Archives/edgar/data/1090727/000109072721000013/0001090727-21-000013.txt
804328,QCOM,0001728949-21-000076,10-K,2021,https://www.sec.gov/Archives/edgar/data/804328/000172894921000076/0001728949-21-000076.txt
895421,MS,0000895421-21-000286,10-K,2020,https://www.sec.gov/Archives/edgar/data/895421/000089542121000286/0000895421-21-000286.txt
1065280,NFLX,0001065280-22-000036,10-K,2021,https://www.sec.gov/Archives/edgar/data/1065280/000106528022000036/0001065280-22-000036.txt
732717,T,0000732717-22-000015,10-K,2021,https://www.sec.gov/Archives/edgar/data/732717/000073271722000015/0000732717-22-000015.txt
1413329,PM,0001413329-22-000011,10-K,2021,https://www.sec.gov/Archives/edgar/data/1413329/000141332922000011/0001413329-22-000011.txt
316709,SCHW,0000316709-21-000012,10-K,2020,https://www.sec.gov/Archives/edgar/data/316709/000031670921000012/0000316709-21-000012.txt
1283699,TMUS,0001283699-22-000018,10-K,2021,https://www.sec.gov/Archives/edgar/data/1283699/000128369922000018/0001283699-22-000018.txt
100885,UNP,0001437749-22-002494,10-K,2021,https://www.sec.gov/Archives/edgar/data/100885/000143774922002494/0001437749-22-002494.txt
60667,LOW,0000060667-21-000026,10-K,2020,https://www.sec.gov/Archives/edgar/data/60667/000006066721000026/0000060667-21-000026.txt
1707925,LIN,0001628280-21-003574,10-K,2020,https://www.sec.gov/Archives/edgar/data/1707925/000162828021003574/0001628280-21-003574.txt
97476,TXN,0000097476-22-000009,10-K,2021,https://www.sec.gov/Archives/edgar/data/97476/000009747622000009/0000097476-22-000009.txt
896878,INTU,0000896878-21-000233,10-K,2021,https://www.sec.gov/Archives/edgar/data/896878/000089687821000233/0000896878-21-000233.txt
4962,AXP,0000004962-22-000008,10-K,2021,https://www.sec.gov/Archives/edgar/data/4962/000000496222000008/0000004962-22-000008.txt
14272,BMY,0000014272-22-000051,10-K,2021,https://www.sec.gov/Archives/edgar/data/14272/000001427222000051/0000014272-22-000051.txt
753308,NEE,0000753308-21-000014,10-K,2020,https://www.sec.gov/Archives/edgar/data/753308/000075330821000014/0000753308-21-000014.txt
101829,RTX,0000101829-22-000005,10-K,2021,https://www.sec.gov/Archives/edgar/data/101829/000010182922000005/0000101829-22-000005.txt
2488,AMD,0000002488-22-000016,10-K,2021,https://www.sec.gov/Archives/edgar/data/2488/000000248822000016/0000002488-22-000016.txt
1613103,MDT,0001613103-21-000027,10-K,2021,https://www.sec.gov/Archives/edgar/data/1613103/000161310321000027/0001613103-21-000027.txt
64803,CVS,0000064803-22-000008,10-K,2021,https://www.sec.gov/Archives/edgar/data/64803/000006480322000008/0000064803-22-000008.txt
1633917,PYPL,0001633917-22-000027,10-K,2021,https://www.sec.gov/Archives/edgar/data/1633917/000163391722000027/0001633917-22-000027.txt
831001,C,0000831001-21-000042,10-K,2020,https://www.sec.gov/Archives/edgar/data/831001/000083100121000042/0000831001-21-000042.txt
773840,HON,0000773840-22-000018,10-K,2020,https://www.sec.gov/Archives/edgar/data/773840/000077384022000018/0000773840-22-000018.txt
318154,AMGN,0000318154-22-000010,10-K,2021,https://www.sec.gov/Archives/edgar/data/318154/000031815422000010/0000318154-22-000010.txt
12927,BA,0000012927-22-000010,10-K,2021,https://www.sec.gov/Archives/edgar/data/12927/000001292722000010/0000012927-22-000010.txt
1163165,COP,0001562762-21-000027,10-K,2020,https://www.sec.gov/Archives/edgar/data/1163165/000156276221000027/0001562762-21-000027.txt
886982,GS,0001193125-21-049380,10-K,2020,https://www.sec.gov/Archives/edgar/data/886982/000119312521049380/0001193125-21-049380.txt
315189,DE,0001558370-21-016864,10-K,2021,https://www.sec.gov/Archives/edgar/data/315189/000155837021016864/0001558370-21-016864.txt
6951,AMAT,0000006951-21-000043,10-K,2021,https://www.sec.gov/Archives/edgar/data/6951/000000695121000043/0000006951-21-000043.txt
51143,IBM,0001558370-21-001489,10-K,2020,https://www.sec.gov/Archives/edgar/data/51143/000155837021001489/0001558370-21-001489.txt
1364742,BLK,0001564590-21-008796,10-K,2020,https://www.sec.gov/Archives/edgar/data/1364742/000156459021008796/0001564590-21-008796.txt
1373715,NOW,0001373715-22-000024,10-K,2021,https://www.sec.gov/Archives/edgar/data/1373715/000137371522000024/0001373715-22-000024.txt
1001250,EL,0001001250-21-000127,10-K,2021,https://www.sec.gov/Archives/edgar/data/1001250/000100125021000127/0001001250-21-000127.txt
1091667,CHTR,0001091667-22-000024,10-K,2021,https://www.sec.gov/Archives/edgar/data/1091667/000109166722000024/0001091667-22-000024.txt
18230,CAT,0000018230-22-000050,10-K,2021,https://www.sec.gov/Archives/edgar/data/18230/000001823022000050/0000018230-22-000050.txt
1156039,ANTM,0001156039-22-000009,10-K,2021,https://www.sec.gov/Archives/edgar/data/1156039/000115603922000009/0001156039-22-000009.txt
1045609,PLD,0001564590-22-004436,10-K,2021,https://www.sec.gov/Archives/edgar/data/1045609/000156459022004436/0001564590-22-004436.txt
1053507,AMT,0001053507-21-000026,10-K,2020,https://www.sec.gov/Archives/edgar/data/1053507/000105350721000026/0001053507-21-000026.txt
936468,LMT,0000936468-22-000008,10-K,2021,https://www.sec.gov/Archives/edgar/data/936468/000093646822000008/0000936468-22-000008.txt
40545,GE,0000040545-22-000008,10-K,2021,https://www.sec.gov/Archives/edgar/data/40545/000004054522000008/0000040545-22-000008.txt
1075531,BKNG,0001075531-21-000019,10-K,2020,https://www.sec.gov/Archives/edgar/data/1075531/000107553121000019/0001075531-21-000019.txt
723125,MU,0000723125-21-000065,10-K,2021,https://www.sec.gov/Archives/edgar/data/723125/000072312521000065/0000723125-21-000065.txt
1035267,ISRG,0001035267-22-000014,10-K,2021,https://www.sec.gov/Archives/edgar/data/1035267/000103526722000014/0001035267-22-000014.txt
27419,TGT,0000027419-21-000010,10-K,2020,https://www.sec.gov/Archives/edgar/data/27419/000002741921000010/0000027419-21-000010.txt
310764,SYK,0000310764-22-000028,10-K,2021,https://www.sec.gov/Archives/edgar/data/310764/000031076422000028/0000310764-22-000028.txt
1555280,ZTS,0001555280-22-000078,10-K,2021,https://www.sec.gov/Archives/edgar/data/1555280/000155528022000078/0001555280-22-000078.txt
1103982,MDLZ,0001103982-22-000003,10-K,2021,https://www.sec.gov/Archives/edgar/data/1103982/000110398222000003/0001103982-22-000003.txt
764180,MO,0000764180-21-000037,10-K,2020,https://www.sec.gov/Archives/edgar/data/764180/000076418021000037/0000764180-21-000037.txt
64040,SPGI,0000064040-22-000055,10-K,2021,https://www.sec.gov/Archives/edgar/data/64040/000006404022000055/0000064040-22-000055.txt
66740,MMM,0000066740-22-000010,10-K,2021,https://www.sec.gov/Archives/edgar/data/66740/000006674022000010/0000066740-22-000010.txt
896159,CB,0000896159-21-000003,10-K,2020,https://www.sec.gov/Archives/edgar/data/896159/000089615921000003/0000896159-21-000003.txt
713676,PNC,0000713676-21-000025,10-K,2020,https://www.sec.gov/Archives/edgar/data/713676/000071367621000025/0000713676-21-000025.txt
1156375,CME,0001156375-21-000020,10-K,2020,https://www.sec.gov/Archives/edgar/data/1156375/000115637521000020/0001156375-21-000020.txt
36104,USB,0001193125-21-052547,10-K,2020,https://www.sec.gov/Archives/edgar/data/36104/000119312521052547/0001193125-21-052547.txt
8670,ADP,0000008670-21-000027,10-K,2021,https://www.sec.gov/Archives/edgar/data/8670/000000867021000027/0000008670-21-000027.txt
92230,TFC,0000092230-21-000032,10-K,2020,https://www.sec.gov/Archives/edgar/data/92230/000009223021000032/0000092230-21-000032.txt
109198,TJX,0000109198-21-000006,10-K,2020,https://www.sec.gov/Archives/edgar/data/109198/000010919821000006/0000109198-21-000006.txt
6281,ADI,0000006281-21-000294,10-K,2021,https://www.sec.gov/Archives/edgar/data/6281/000000628121000294/0000006281-21-000294.txt
707549,LRCX,0000707549-21-000136,10-K,2021,https://www.sec.gov/Archives/edgar/data/707549/000070754921000136/0000707549-21-000136.txt
1326160,DUK,0001326160-21-000063,10-K,2020,https://www.sec.gov/Archives/edgar/data/1326160/000132616021000063/0001326160-21-000063.txt
882095,GILD,0000882095-21-000008,10-K,2020,https://www.sec.gov/Archives/edgar/data/882095/000088209521000008/0000882095-21-000008.txt
10795,BDX,0000010795-21-000091,10-K,2021,https://www.sec.gov/Archives/edgar/data/10795/000001079521000091/0000010795-21-000091.txt
62709,MMC,0000062709-22-000009,10-K,2021,https://www.sec.gov/Archives/edgar/data/62709/000006270922000009/0000062709-22-000009.txt
277948,CSX,0000277948-22-000009,10-K,2021,https://www.sec.gov/Archives/edgar/data/277948/000027794822000009/0000277948-22-000009.txt
1739940,CI,0001739940-21-000007,10-K,2020,https://www.sec.gov/Archives/edgar/data/1739940/000173994021000007/0001739940-21-000007.txt
860730,HCA,0001193125-21-048994,10-K,2020,https://www.sec.gov/Archives/edgar/data/860730/000119312521048994/0001193125-21-048994.txt
1051470,CCI,0001051470-21-000031,10-K,2020,https://www.sec.gov/Archives/edgar/data/1051470/000105147021000031/0001051470-21-000031.txt
89800,SHW,0000089800-21-000010,10-K,2020,https://www.sec.gov/Archives/edgar/data/89800/000008980021000010/0000089800-21-000010.txt
1571949,ICE,0001571949-22-000006,10-K,2021,https://www.sec.gov/Archives/edgar/data/1571949/000157194922000006/0001571949-22-000006.txt
1467858,GM,0001467858-22-000034,10-K,2021,https://www.sec.gov/Archives/edgar/data/1467858/000146785822000034/0001467858-22-000034.txt
92122,SO,0000092122-22-000003,10-K,2021,https://www.sec.gov/Archives/edgar/data/92122/000009212222000003/0000092122-22-000003.txt
37996,F,0000037996-22-000013,10-K,2021,https://www.sec.gov/Archives/edgar/data/37996/000003799622000013/0000037996-22-000013.txt
49826,ITW,0000049826-22-000006,10-K,2021,https://www.sec.gov/Archives/edgar/data/49826/000004982622000006/0000049826-22-000006.txt
1136893,FIS,0001136893-21-000025,10-K,2020,https://www.sec.gov/Archives/edgar/data/1136893/000113689321000025/0001136893-21-000025.txt
1099800,EW,0001099800-22-000005,10-K,2021,https://www.sec.gov/Archives/edgar/data/1099800/000109980022000005/0001099800-22-000005.txt
872589,REGN,0001804220-22-000007,10-K,2021,https://www.sec.gov/Archives/edgar/data/872589/000180422022000007/0001804220-22-000007.txt
21665,CL,0000021665-21-000007,10-K,2020,https://www.sec.gov/Archives/edgar/data/21665/000002166521000007/0000021665-21-000007.txt
821189,EOG,0000821189-21-000017,10-K,2020,https://www.sec.gov/Archives/edgar/data/821189/000082118921000017/0000821189-21-000017.txt
702165,NSC,0000702165-22-000007,10-K,2021,https://www.sec.gov/Archives/edgar/data/702165/000070216522000007/0000702165-22-000007.txt
927628,COF,0000927628-21-000094,10-K,2020,https://www.sec.gov/Archives/edgar/data/927628/000092762821000094/0000927628-21-000094.txt
798354,FISV,0000798354-21-000004,10-K,2020,https://www.sec.gov/Archives/edgar/data/798354/000079835421000004/0000798354-21-000004.txt
715957,D,0001564590-21-008442,10-K,2020,https://www.sec.gov/Archives/edgar/data/715957/000156459021008442/0001564590-21-008442.txt
718877,ATVI,0001628280-21-002828,10-K,2020,https://www.sec.gov/Archives/edgar/data/718877/000162828021002828/0001628280-21-002828.txt
1393311,PSA,0001562762-21-000058,10-K,2020,https://www.sec.gov/Archives/edgar/data/1393311/000156276221000058/0001562762-21-000058.txt
831259,FCX,0000831259-22-000009,10-K,2021,https://www.sec.gov/Archives/edgar/data/831259/000083125922000009/0000831259-22-000009.txt
80661,PGR,0000080661-21-000014,10-K,2020,https://www.sec.gov/Archives/edgar/data/80661/000008066121000014/0000080661-21-000014.txt
315293,AON,0001628280-21-002574,10-K,2020,https://www.sec.gov/Archives/edgar/data/315293/000162828021002574/0001628280-21-002574.txt
1133421,NOC,0001133421-22-000004,10-K,2021,https://www.sec.gov/Archives/edgar/data/1133421/000113342122000004/0001133421-22-000004.txt
885725,BSX,0000885725-21-000008,10-K,2020,https://www.sec.gov/Archives/edgar/data/885725/000088572521000008/0000885725-21-000008.txt
1551182,ETN,0001551182-21-000022,10-K,2020,https://www.sec.gov/Archives/edgar/data/1551182/000155118221000022/0001551182-21-000022.txt
1048911,FDX,0001564590-21-037031,10-K,2021,https://www.sec.gov/Archives/edgar/data/1048911/000156459021037031/0001564590-21-037031.txt
1101239,EQIX,0001628280-21-002563,10-K,2020,https://www.sec.gov/Archives/edgar/data/1101239/000162828021002563/0001628280-21-002563.txt
1059556,MCO,0001059556-21-000010,10-K,2020,https://www.sec.gov/Archives/edgar/data/1059556/000105955621000010/0001059556-21-000010.txt
823768,WM,0001558370-22-001179,10-K,2021,https://www.sec.gov/Archives/edgar/data/823768/000155837022001179/0001558370-22-001179.txt
1099219,MET,0001099219-21-000050,10-K,2020,https://www.sec.gov/Archives/edgar/data/1099219/000109921921000050/0001099219-21-000050.txt
40533,GD,0000040533-22-000007,10-K,2021,https://www.sec.gov/Archives/edgar/data/40533/000004053322000007/0000040533-22-000007.txt
875320,VRTX,0000875320-22-000007,10-K,2021,https://www.sec.gov/Archives/edgar/data/875320/000087532022000007/0000875320-22-000007.txt
1682852,MRNA,0001682852-21-000006,10-K,2020,https://www.sec.gov/Archives/edgar/data/1682852/000168285221000006/0001682852-21-000006.txt
32604,EMR,0000032604-21-000038,10-K,2021,https://www.sec.gov/Archives/edgar/data/32604/000003260421000038/0000032604-21-000038.txt
1048286,MAR,0001628280-22-002666,10-K,2021,https://www.sec.gov/Archives/edgar/data/1048286/000162828022002666/0001628280-22-002666.txt
319201,KLAC,0000319201-21-000029,10-K,2021,https://www.sec.gov/Archives/edgar/data/319201/000031920121000029/0000319201-21-000029.txt
87347,SLB,0001564590-22-002421,10-K,2021,https://www.sec.gov/Archives/edgar/data/87347/000156459022002421/0001564590-22-002421.txt
1038357,PXD,0001038357-21-000016,10-K,2020,https://www.sec.gov/Archives/edgar/data/1038357/000103835721000016/0001038357-21-000016.txt
2969,APD,0000002969-21-000055,10-K,2021,https://www.sec.gov/Archives/edgar/data/2969/000000296921000055/0000002969-21-000055.txt
49071,HUM,0000049071-21-000039,10-K,2020,https://www.sec.gov/Archives/edgar/data/49071/000004907121000039/0000049071-21-000039.txt
31462,ECL,0001558370-21-001916,10-K,2020,https://www.sec.gov/Archives/edgar/data/31462/000155837021001916/0001558370-21-001916.txt
1110803,ILMN,0001110803-21-000015,10-K,2020,https://www.sec.gov/Archives/edgar/data/1110803/000111080321000015/0001110803-21-000015.txt
1164727,NEM,0001164727-21-000027,10-K,2020,https://www.sec.gov/Archives/edgar/data/1164727/000116472721000027/0001164727-21-000027.txt
1390777,BK,0001390777-21-000037,10-K,2020,https://www.sec.gov/Archives/edgar/data/1390777/000139077721000037/0001390777-21-000037.txt
1262039,FTNT,0001262039-21-000008,10-K,2020,https://www.sec.gov/Archives/edgar/data/1262039/000126203921000008/0001262039-21-000008.txt
769397,ADSK,0000769397-21-000014,10-K,2020,https://www.sec.gov/Archives/edgar/data/769397/000076939721000014/0000769397-21-000014.txt
1413447,NXPI,0001413447-21-000011,10-K,2020,https://www.sec.gov/Archives/edgar/data/1413447/000141344721000011/0001413447-21-000011.txt
5272,AIG,0001104659-21-025742,10-K,2020,https://www.sec.gov/Archives/edgar/data/5272/000110465921025742/0001104659-21-025742.txt
1510295,MPC,0001510295-21-000027,10-K,2020,https://www.sec.gov/Archives/edgar/data/1510295/000151029521000027/0001510295-21-000027.txt
1071739,CNC,0001071739-21-000039,10-K,2020,https://www.sec.gov/Archives/edgar/data/1071739/000107173921000039/0001071739-21-000039.txt
833444,JCI,0000833444-21-000046,10-K,2021,https://www.sec.gov/Archives/edgar/data/833444/000083344421000046/0000833444-21-000046.txt
1385157,TEL,0001558370-21-015228,10-K,2021,https://www.sec.gov/Archives/edgar/data/1385157/000155837021015228/0001558370-21-015228.txt
882835,ROP,0000882835-21-000011,10-K,2020,https://www.sec.gov/Archives/edgar/data/882835/000088283521000011/0000882835-21-000011.txt
29534,DG,0001558370-21-003245,10-K,2020,https://www.sec.gov/Archives/edgar/data/29534/000155837021003245/0001558370-21-003245.txt
1063761,SPG,0001558370-21-001700,10-K,2020,https://www.sec.gov/Archives/edgar/data/1063761/000155837021001700/0001558370-21-001700.txt
1478242,IQV,0001478242-22-000041,10-K,2021,https://www.sec.gov/Archives/edgar/data/1478242/000147824222000041/0001478242-22-000041.txt
1058290,CTSH,0001058290-22-000023,10-K,2021,https://www.sec.gov/Archives/edgar/data/1058290/000105829022000023/0001058290-22-000023.txt
883241,SNPS,0000883241-21-000022,10-K,2021,https://www.sec.gov/Archives/edgar/data/883241/000088324121000022/0000883241-21-000022.txt
820313,APH,0001558370-22-000961,10-K,2021,https://www.sec.gov/Archives/edgar/data/820313/000155837022000961/0001558370-22-000961.txt
1751788,DOW,0001751788-22-000011,10-K,2021,https://www.sec.gov/Archives/edgar/data/1751788/000175178822000011/0001751788-22-000011.txt
55785,KMB,0000055785-22-000010,10-K,2021,https://www.sec.gov/Archives/edgar/data/55785/000005578522000010/0000055785-22-000010.txt
898173,ORLY,0000898173-21-000012,10-K,2020,https://www.sec.gov/Archives/edgar/data/898173/000089817321000012/0000898173-21-000012.txt
1058090,CMG,0001058090-22-000011,10-K,2021,https://www.sec.gov/Archives/edgar/data/1058090/000105809022000011/0001058090-22-000011.txt
1408198,MSCI,0001564590-22-004803,10-K,2021,https://www.sec.gov/Archives/edgar/data/1408198/000156459022004803/0001564590-22-004803.txt
16918,STZ,0000016918-21-000060,10-K,2021,https://www.sec.gov/Archives/edgar/data/16918/000001691821000060/0000016918-21-000060.txt
1137774,PRU,0001137774-21-000049,10-K,2020,https://www.sec.gov/Archives/edgar/data/1137774/000113777421000049/0001137774-21-000049.txt
865752,MNST,0001104659-21-029943,10-K,2020,https://www.sec.gov/Archives/edgar/data/865752/000110465921029943/0001104659-21-029943.txt
1032208,SRE,0001032208-21-000007,10-K,2020,https://www.sec.gov/Archives/edgar/data/1032208/000103220821000007/0001032208-21-000007.txt
202058,LHX,0000202058-21-000008,10-K,2020,https://www.sec.gov/Archives/edgar/data/202058/000020205821000008/0000202058-21-000008.txt
1598014,INFO,0001598014-22-000011,10-K,2021,https://www.sec.gov/Archives/edgar/data/1598014/000159801422000011/0001598014-22-000011.txt
874716,IDXX,0000874716-22-000007,10-K,2021,https://www.sec.gov/Archives/edgar/data/874716/000087471622000007/0000874716-22-000007.txt
10456,BAX,0001628280-21-001867,10-K,2020,https://www.sec.gov/Archives/edgar/data/10456/000162828021001867/0001628280-21-001867.txt
4904,AEP,0000004904-21-000010,10-K,2020,https://www.sec.gov/Archives/edgar/data/4904/000000490421000010/0000004904-21-000010.txt
723531,PAYX,0000723531-21-000035,10-K,2021,https://www.sec.gov/Archives/edgar/data/723531/000072353121000035/0000723531-21-000035.txt
1123360,GPN,0001123360-21-000009,10-K,2020,https://www.sec.gov/Archives/edgar/data/1123360/000112336021000009/0001123360-21-000009.txt
7084,ADM,0000007084-22-000008,10-K,2021,https://www.sec.gov/Archives/edgar/data/7084/000000708422000008/0000007084-22-000008.txt
4977,AFL,0000004977-21-000047,10-K,2020,https://www.sec.gov/Archives/edgar/data/4977/000000497721000047/0000004977-21-000047.txt
1637459,KHC,0001637459-21-000009,10-K,2020,https://www.sec.gov/Archives/edgar/data/1637459/000163745921000009/0001637459-21-000009.txt
1585689,HLT,0001585689-22-000013,10-K,2021,https://www.sec.gov/Archives/edgar/data/1585689/000158568922000013/0001585689-22-000013.txt
96021,SYY,0000096021-21-000093,10-K,2021,https://www.sec.gov/Archives/edgar/data/96021/000009602121000093/0000096021-21-000093.txt
86312,TRV,0000086312-22-000013,10-K,2021,https://www.sec.gov/Archives/edgar/data/86312/000008631222000013/0000086312-22-000013.txt
47111,HSY,0000047111-21-000007,10-K,2020,https://www.sec.gov/Archives/edgar/data/47111/000004711121000007/0000047111-21-000007.txt
927653,MCK,0000927653-21-000039,10-K,2021,https://www.sec.gov/Archives/edgar/data/927653/000092765321000039/0000927653-21-000039.txt
1109357,EXC,0001109357-21-000022,10-K,2020,https://www.sec.gov/Archives/edgar/data/1109357/000110935721000022/0001109357-21-000022.txt
1666700,DD,0001666700-22-000009,10-K,2021,https://www.sec.gov/Archives/edgar/data/1666700/000166670022000009/0001666700-22-000009.txt
1618921,WBA,0001618921-21-000085,10-K,2021,https://www.sec.gov/Archives/edgar/data/1618921/000161892121000085/0001618921-21-000085.txt
1090872,A,0001090872-21-000027,10-K,2021,https://www.sec.gov/Archives/edgar/data/1090872/000109087221000027/0001090872-21-000027.txt
40704,GIS,0001193125-21-204830,10-K,2021,https://www.sec.gov/Archives/edgar/data/40704/000119312521204830/0001193125-21-204830.txt
1097149,ALGN,0001097149-21-000007,10-K,2020,https://www.sec.gov/Archives/edgar/data/1097149/000109714921000007/0001097149-21-000007.txt
866787,AZO,0001558370-21-013446,10-K,2021,https://www.sec.gov/Archives/edgar/data/866787/000155837021013446/0001558370-21-013446.txt
1534701,PSX,0001534701-21-000074,10-K,2020,https://www.sec.gov/Archives/edgar/data/1534701/000153470121000074/0001534701-21-000074.txt
47217,HPQ,0000047217-21-000060,10-K,2021,https://www.sec.gov/Archives/edgar/data/47217/000004721721000060/0000047217-21-000060.txt
827054,MCHP,0000827054-21-000106,10-K,2021,https://www.sec.gov/Archives/edgar/data/827054/000082705421000106/0000827054-21-000106.txt
1093557,DXCM,0001093557-22-000014,10-K,2021,https://www.sec.gov/Archives/edgar/data/1093557/000109355722000014/0001093557-22-000014.txt
813672,CDNS,0000813672-21-000009,10-K,2020,https://www.sec.gov/Archives/edgar/data/813672/000081367221000009/0000813672-21-000009.txt
1506307,KMI,0001506307-22-000018,10-K,2021,https://www.sec.gov/Archives/edgar/data/1506307/000150630722000018/0001506307-22-000018.txt
1783180,CARR,0001783180-22-000010,10-K,2021,https://www.sec.gov/Archives/edgar/data/1783180/000178318022000010/0001783180-22-000010.txt
76334,PH,0000076334-21-000187,10-K,2021,https://www.sec.gov/Archives/edgar/data/76334/000007633421000187/0000076334-21-000187.txt
1297996,DLR,0001558370-21-002191,10-K,2020,https://www.sec.gov/Archives/edgar/data/1297996/000155837021002191/0001558370-21-002191.txt
797468,OXY,0000797468-21-000009,10-K,2020,https://www.sec.gov/Archives/edgar/data/797468/000079746821000009/0000797468-21-000009.txt
723254,CTAS,0000723254-21-000021,10-K,2021,https://www.sec.gov/Archives/edgar/data/723254/000072325421000021/0000723254-21-000021.txt
726728,O,0000726728-21-000043,10-K,2020,https://www.sec.gov/Archives/edgar/data/726728/000072672821000043/0000726728-21-000043.txt
1596532,ANET,0001596532-22-000026,10-K,2021,https://www.sec.gov/Archives/edgar/data/1596532/000159653222000026/0001596532-22-000026.txt
712515,EA,0000712515-21-000064,10-K,2021,https://www.sec.gov/Archives/edgar/data/712515/000071251521000064/0000712515-21-000064.txt
1060391,RSG,0001060391-22-000007,10-K,2021,https://www.sec.gov/Archives/edgar/data/1060391/000106039122000007/0001060391-22-000007.txt
1755672,CTVA,0001755672-22-000005,10-K,2021,https://www.sec.gov/Archives/edgar/data/1755672/000175567222000005/0001755672-22-000005.txt
1521332,APTV,0001521332-22-000010,10-K,2021,https://www.sec.gov/Archives/edgar/data/1521332/000152133222000010/0001521332-22-000010.txt
1035002,VLO,0001035002-21-000051,10-K,2020,https://www.sec.gov/Archives/edgar/data/1035002/000103500221000051/0001035002-21-000051.txt
107263,WMB,0000107263-21-000006,10-K,2020,https://www.sec.gov/Archives/edgar/data/107263/000010726321000006/0000107263-21-000006.txt
719739,SIVB,0000719739-21-000023,10-K,2020,https://www.sec.gov/Archives/edgar/data/719739/000071973921000023/0000719739-21-000023.txt
1065088,EBAY,0001065088-21-000006,10-K,2020,https://www.sec.gov/Archives/edgar/data/1065088/000106508821000006/0001065088-21-000006.txt
1393612,DFS,0001393612-21-000014,10-K,2020,https://www.sec.gov/Archives/edgar/data/1393612/000139361221000014/0001393612-21-000014.txt
68505,MSI,0000068505-22-000010,10-K,2021,https://www.sec.gov/Archives/edgar/data/68505/000006850522000010/0000068505-22-000010.txt
93751,STT,0000093751-21-000476,10-K,2020,https://www.sec.gov/Archives/edgar/data/93751/000009375121000476/0000093751-21-000476.txt
1466258,TT,0001466258-22-000031,10-K,2021,https://www.sec.gov/Archives/edgar/data/1466258/000146625822000031/0001466258-22-000031.txt
899051,ALL,0000899051-21-000011,10-K,2020,https://www.sec.gov/Archives/edgar/data/899051/000089905121000011/0000899051-21-000011.txt
72903,XEL,0000072903-21-000012,10-K,2020,https://www.sec.gov/Archives/edgar/data/72903/000007290321000012/0000072903-21-000012.txt
1041061,YUM,0001041061-21-000012,10-K,2020,https://www.sec.gov/Archives/edgar/data/1041061/000104106121000012/0001041061-21-000012.txt
79879,PPG,0000079879-21-000008,10-K,2020,https://www.sec.gov/Archives/edgar/data/79879/000007987921000008/0000079879-21-000008.txt
1090012,DVN,0001564590-22-005321,10-K,2021,https://www.sec.gov/Archives/edgar/data/1090012/000156459022005321/0001564590-22-005321.txt
1300514,LVS,0001300514-22-000007,10-K,2021,https://www.sec.gov/Archives/edgar/data/1300514/000130051422000007/0001300514-22-000007.txt
24741,GLW,0001437749-22-003247,10-K,2021,https://www.sec.gov/Archives/edgar/data/24741/000143774922003247/0001437749-22-003247.txt
1260221,TDG,0001260221-21-000134,10-K,2021,https://www.sec.gov/Archives/edgar/data/1260221/000126022121000134/0001260221-21-000134.txt
766704,WELL,0000766704-22-000013,10-K,2021,https://www.sec.gov/Archives/edgar/data/766704/000076670422000013/0000766704-22-000013.txt
100493,TSN,0000100493-21-000122,10-K,2021,https://www.sec.gov/Archives/edgar/data/100493/000010049321000122/0000100493-21-000122.txt
943819,RMD,0000943819-21-000017,10-K,2021,https://www.sec.gov/Archives/edgar/data/943819/000094381921000017/0000943819-21-000017.txt
1781335,OTIS,0001781335-22-000007,10-K,2021,https://www.sec.gov/Archives/edgar/data/1781335/000178133522000007/0001781335-22-000007.txt
878927,ODFL,0001564590-21-008056,10-K,2020,https://www.sec.gov/Archives/edgar/data/878927/000156459021008056/0001564590-21-008056.txt
1034054,SBAC,0001034054-21-000003,10-K,2020,https://www.sec.gov/Archives/edgar/data/1034054/000103405421000003/0001034054-21-000003.txt
820027,AMP,0000820027-21-000012,10-K,2020,https://www.sec.gov/Archives/edgar/data/820027/000082002721000012/0000820027-21-000012.txt
56873,KR,0001558370-21-003706,10-K,2020,https://www.sec.gov/Archives/edgar/data/56873/000155837021003706/0001558370-21-003706.txt
73309,NUE,0001564590-21-009503,10-K,2020,https://www.sec.gov/Archives/edgar/data/73309/000156459021009503/0001564590-21-009503.txt
51253,IFF,0000051253-21-000011,10-K,2020,https://www.sec.gov/Archives/edgar/data/51253/000005125321000011/0000051253-21-000011.txt
1489393,LYB,0001489393-21-000007,10-K,2020,https://www.sec.gov/Archives/edgar/data/1489393/000148939321000007/0001489393-21-000007.txt
745732,ROST,0000745732-21-000017,10-K,2020,https://www.sec.gov/Archives/edgar/data/745732/000074573221000017/0000745732-21-000017.txt
915912,AVB,0000915912-21-000004,10-K,2020,https://www.sec.gov/Archives/edgar/data/915912/000091591221000004/0000915912-21-000004.txt
1113169,TROW,0001113169-21-000006,10-K,2020,https://www.sec.gov/Archives/edgar/data/1113169/000111316921000006/0001113169-21-000006.txt
35527,FITB,0000035527-21-000100,10-K,2020,https://www.sec.gov/Archives/edgar/data/35527/000003552721000100/0000035527-21-000100.txt
1138118,CBRE,0001138118-21-000012,10-K,2020,https://www.sec.gov/Archives/edgar/data/1138118/000113811821000012/0001138118-21-000012.txt
788784,PEG,0000788784-21-000007,10-K,2020,https://www.sec.gov/Archives/edgar/data/788784/000078878421000007/0000788784-21-000007.txt
1037646,MTD,0001037646-22-000008,10-K,2021,https://www.sec.gov/Archives/edgar/data/1037646/000103764622000008/0001037646-22-000008.txt
75362,PCAR,0001564590-21-006370,10-K,2020,https://www.sec.gov/Archives/edgar/data/75362/000156459021006370/0001564590-21-006370.txt
906107,EQR,0001564590-21-006679,10-K,2020,https://www.sec.gov/Archives/edgar/data/906107/000156459021006679/0001564590-21-006679.txt
891103,MTCH,0000891103-21-000014,10-K,2020,https://www.sec.gov/Archives/edgar/data/891103/000089110321000014/0000891103-21-000014.txt
354190,AJG,0001564590-21-004555,10-K,2020,https://www.sec.gov/Archives/edgar/data/354190/000156459021004555/0001564590-21-004555.txt
875045,BIIB,0000875045-22-000007,10-K,2021,https://www.sec.gov/Archives/edgar/data/875045/000087504522000007/0000875045-22-000007.txt
26172,CMI,0000026172-22-000008,10-K,2021,https://www.sec.gov/Archives/edgar/data/26172/000002617222000008/0000026172-22-000008.txt
1024478,ROK,0001024478-21-000083,10-K,2021,https://www.sec.gov/Archives/edgar/data/1024478/000102447821000083/0001024478-21-000083.txt
14693,BF-A,0000014693-21-000091,10-K,2021,https://www.sec.gov/Archives/edgar/data/14693/000001469321000091/0000014693-21-000091.txt
1442145,VRSK,0001437749-21-003789,10-K,2020,https://www.sec.gov/Archives/edgar/data/1442145/000143774921003789/0001437749-21-003789.txt
935703,DLTR,0000935703-21-000014,10-K,2020,https://www.sec.gov/Archives/edgar/data/935703/000093570321000014/0000935703-21-000014.txt
106535,WY,0001564590-21-006960,10-K,2020,https://www.sec.gov/Archives/edgar/data/106535/000156459021006960/0001564590-21-006960.txt
1601046,KEYS,0001601046-21-000197,10-K,2021,https://www.sec.gov/Archives/edgar/data/1601046/000160104621000197/0001601046-21-000197.txt
1037868,AME,0001037868-21-000007,10-K,2020,https://www.sec.gov/Archives/edgar/data/1037868/000103786821000007/0001037868-21-000007.txt
9389,BLL,0001558370-22-001251,10-K,2021,https://www.sec.gov/Archives/edgar/data/9389/000155837022001251/0001558370-22-001251.txt
1324424,EXPE,0001324424-22-000009,10-K,2021,https://www.sec.gov/Archives/edgar/data/1324424/000132442422000009/0001324424-22-000009.txt
815556,FAST,0000815556-22-000009,10-K,2021,https://www.sec.gov/Archives/edgar/data/815556/000081555622000009/0000815556-22-000009.txt
882184,DHI,0000882184-21-000190,10-K,2021,https://www.sec.gov/Archives/edgar/data/882184/000088218421000190/0000882184-21-000190.txt
1047862,ED,0001047862-21-000049,10-K,2020,https://www.sec.gov/Archives/edgar/data/1047862/000104786221000049/0001047862-21-000049.txt
4447,HES,0001628280-21-003531,10-K,2020,https://www.sec.gov/Archives/edgar/data/4447/000162828021003531/0001628280-21-003531.txt
1140859,ABC,0001140859-21-000058,10-K,2021,https://www.sec.gov/Archives/edgar/data/1140859/000114085921000058/0001140859-21-000058.txt
900075,CPRT,0000900075-21-000022,10-K,2021,https://www.sec.gov/Archives/edgar/data/900075/000090007521000022/0000900075-21-000022.txt
45012,HAL,0000045012-22-000013,10-K,2021,https://www.sec.gov/Archives/edgar/data/45012/000004501222000013/0000045012-22-000013.txt
1120193,NDAQ,0001120193-21-000011,10-K,2020,https://www.sec.gov/Archives/edgar/data/1120193/000112019321000011/0001120193-21-000011.txt
1418091,TWTR,0001418091-22-000029,10-K,2021,https://www.sec.gov/Archives/edgar/data/1418091/000141809122000029/0001418091-22-000029.txt
1035443,ARE,0001035443-22-000040,10-K,2021,https://www.sec.gov/Archives/edgar/data/1035443/000103544322000040/0001035443-22-000040.txt
105770,WST,0000105770-21-000008,10-K,2020,https://www.sec.gov/Archives/edgar/data/105770/000010577021000008/0000105770-21-000008.txt
783325,WEC,0000107815-21-000079,10-K,2020,https://www.sec.gov/Archives/edgar/data/783325/000010781521000079/0000107815-21-000079.txt
72741,ES,0000072741-22-000015,10-K,2021,https://www.sec.gov/Archives/edgar/data/72741/000007274122000015/0000072741-22-000015.txt
1039684,OKE,0001039684-21-000015,10-K,2020,https://www.sec.gov/Archives/edgar/data/1039684/000103968421000015/0001039684-21-000015.txt
1013462,ANSS,0001013462-21-000009,10-K,2020,https://www.sec.gov/Archives/edgar/data/1013462/000101346221000009/0001013462-21-000009.txt
920760,LEN,0001628280-22-001450,10-K,2021,https://www.sec.gov/Archives/edgar/data/920760/000162828022001450/0001628280-22-001450.txt
33185,EFX,0000033185-21-000025,10-K,2020,https://www.sec.gov/Archives/edgar/data/33185/000003318521000025/0000033185-21-000025.txt
1410636,AWK,0001410636-22-000048,10-K,2021,https://www.sec.gov/Archives/edgar/data/1410636/000141063622000048/0001410636-22-000048.txt
27904,DAL,0000027904-22-000003,10-K,2021,https://www.sec.gov/Archives/edgar/data/27904/000002790422000003/0000027904-22-000003.txt
92380,LUV,0000092380-22-000007,10-K,2021,https://www.sec.gov/Archives/edgar/data/92380/000009238022000007/0000092380-22-000007.txt
63754,MKC,0000063754-22-000005,10-K,2021,https://www.sec.gov/Archives/edgar/data/63754/000006375422000005/0000063754-22-000005.txt
93556,SWK,0000093556-21-000008,10-K,2020,https://www.sec.gov/Archives/edgar/data/93556/000009355621000008/0000093556-21-000008.txt
804753,CERN,0000804753-21-000009,10-K,2020,https://www.sec.gov/Archives/edgar/data/804753/000080475321000009/0000804753-21-000009.txt
915913,ALB,0000915913-21-000018,10-K,2020,https://www.sec.gov/Archives/edgar/data/915913/000091591321000018/0000915913-21-000018.txt
920148,LH,0000920148-21-000018,10-K,2020,https://www.sec.gov/Archives/edgar/data/920148/000092014821000018/0000920148-21-000018.txt
1289490,EXR,0001628280-21-003458,10-K,2020,https://www.sec.gov/Archives/edgar/data/1289490/000162828021003458/0001628280-21-003458.txt
1335258,LYV,0001335258-21-000009,10-K,2020,https://www.sec.gov/Archives/edgar/data/1335258/000133525821000009/0001335258-21-000009.txt
48465,HRL,0000048465-21-000067,10-K,2021,https://www.sec.gov/Archives/edgar/data/48465/000004846521000067/0000048465-21-000067.txt
73124,NTRS,0000073124-21-000071,10-K,2020,https://www.sec.gov/Archives/edgar/data/73124/000007312421000071/0000073124-21-000071.txt
815097,CCL,0000815097-22-000009,10-K,2021,https://www.sec.gov/Archives/edgar/data/815097/000081509722000009/0000815097-22-000009.txt
1701605,BKR,0001701605-22-000050,10-K,2021,https://www.sec.gov/Archives/edgar/data/1701605/000170160522000050/0001701605-22-000050.txt
916365,TSCO,0000916365-21-000052,10-K,2020,https://www.sec.gov/Archives/edgar/data/916365/000091636521000052/0000916365-21-000052.txt
1136869,ZBH,0001564590-21-007163,10-K,2020,https://www.sec.gov/Archives/edgar/data/1136869/000156459021007163/0001564590-21-007163.txt
1396009,VMC,0001396009-21-000009,10-K,2020,https://www.sec.gov/Archives/edgar/data/1396009/000139600921000009/0001396009-21-000009.txt
313927,CHD,0001564590-21-006669,10-K,2020,https://www.sec.gov/Archives/edgar/data/313927/000156459021006669/0001564590-21-006669.txt
1352010,EPAM,0001352010-21-000010,10-K,2020,https://www.sec.gov/Archives/edgar/data/1352010/000135201021000010/0001352010-21-000010.txt
764478,BBY,0000764478-21-000024,10-K,2020,https://www.sec.gov/Archives/edgar/data/764478/000076447821000024/0000764478-21-000024.txt
91576,KEY,0000091576-21-000044,10-K,2020,https://www.sec.gov/Archives/edgar/data/91576/000009157621000044/0000091576-21-000044.txt
1601712,SYF,0001601712-22-000053,10-K,2021,https://www.sec.gov/Archives/edgar/data/1601712/000160171222000053/0001601712-22-000053.txt
277135,GWW,0000277135-21-000007,10-K,2020,https://www.sec.gov/Archives/edgar/data/277135/000027713521000007/0000277135-21-000007.txt
912595,MAA,0001564590-21-006666,10-K,2020,https://www.sec.gov/Archives/edgar/data/912595/000156459021006666/0001564590-21-006666.txt
1402057,CDW,0001402057-21-000022,10-K,2020,https://www.sec.gov/Archives/edgar/data/1402057/000140205721000022/0001402057-21-000022.txt
749251,IT,0000749251-21-000010,10-K,2020,https://www.sec.gov/Archives/edgar/data/749251/000074925121000010/0000749251-21-000010.txt
1014473,VRSN,0001014473-21-000005,10-K,2020,https://www.sec.gov/Archives/edgar/data/1014473/000101447321000005/0001014473-21-000005.txt
874766,HIG,0000874766-21-000022,10-K,2020,https://www.sec.gov/Archives/edgar/data/874766/000087476621000022/0000874766-21-000022.txt
1539838,FANG,0001539838-21-000015,10-K,2020,https://www.sec.gov/Archives/edgar/data/1539838/000153983821000015/0001539838-21-000015.txt
1137789,STX,0001137789-21-000049,10-K,2021,https://www.sec.gov/Archives/edgar/data/1137789/000113778921000049/0001137789-21-000049.txt
103379,VFC,0000103379-21-000006,10-K,2021,https://www.sec.gov/Archives/edgar/data/103379/000010337921000006/0000103379-21-000006.txt
1754301,FOXA,0001564590-21-043103,10-K,2021,https://www.sec.gov/Archives/edgar/data/1754301/000156459021043103/0001564590-21-043103.txt
1281761,RF,0001281761-21-000012,10-K,2020,https://www.sec.gov/Archives/edgar/data/1281761/000128176121000012/0001281761-21-000012.txt
1659166,FTV,0001659166-21-000062,10-K,2020,https://www.sec.gov/Archives/edgar/data/1659166/000165916621000062/0001659166-21-000062.txt
1121788,GRMN,0000950170-22-001303,10-K,2021,https://www.sec.gov/Archives/edgar/data/1121788/000095017022001303/0000950170-22-001303.txt
1031296,FE,0001031296-22-000013,10-K,2021,https://www.sec.gov/Archives/edgar/data/1031296/000103129622000013/0001031296-22-000013.txt
36270,MTB,0001564590-22-005400,10-K,2021,https://www.sec.gov/Archives/edgar/data/36270/000156459022005400/0001564590-22-005400.txt
29905,DOV,0000029905-22-000009,10-K,2021,https://www.sec.gov/Archives/edgar/data/29905/000002990522000009/0000029905-22-000009.txt
49196,HBAN,0000049196-21-000018,10-K,2020,https://www.sec.gov/Archives/edgar/data/49196/000004919621000018/0000049196-21-000018.txt
916076,MLM,0001564590-21-006959,10-K,2020,https://www.sec.gov/Archives/edgar/data/916076/000156459021006959/0001564590-21-006959.txt
759944,CFG,0000759944-21-000034,10-K,2020,https://www.sec.gov/Archives/edgar/data/759944/000075994421000034/0000759944-21-000034.txt
31791,PKI,0000031791-21-000003,10-K,2020,https://www.sec.gov/Archives/edgar/data/31791/000003179121000003/0000031791-21-000003.txt
813828,VIAC,0000813828-22-000005,10-K,2021,https://www.sec.gov/Archives/edgar/data/813828/000081382822000005/0000813828-22-000005.txt
827052,EIX,0000827052-21-000019,10-K,2020,https://www.sec.gov/Archives/edgar/data/827052/000082705221000019/0000827052-21-000019.txt
877212,ZBRA,0000877212-22-000026,10-K,2021,https://www.sec.gov/Archives/edgar/data/877212/000087721222000026/0000877212-22-000026.txt
1067701,URI,0001067701-22-000008,10-K,2021,https://www.sec.gov/Archives/edgar/data/1067701/000106770122000008/0001067701-22-000008.txt
1757898,STE,0001757898-21-000017,10-K,2021,https://www.sec.gov/Archives/edgar/data/1757898/000175789821000017/0001757898-21-000017.txt
720005,RJF,0000720005-21-000106,10-K,2021,https://www.sec.gov/Archives/edgar/data/720005/000072000521000106/0000720005-21-000106.txt
936340,DTE,0000936340-22-000077,10-K,2021,https://www.sec.gov/Archives/edgar/data/936340/000093634022000077/0000936340-22-000077.txt
4127,SWKS,0000004127-21-000058,10-K,2021,https://www.sec.gov/Archives/edgar/data/4127/000000412721000058/0000004127-21-000058.txt
55067,K,0001628280-21-002660,10-K,2020,https://www.sec.gov/Archives/edgar/data/55067/000162828021002660/0001628280-21-002660.txt
1002910,AEE,0001002910-21-000065,10-K,2020,https://www.sec.gov/Archives/edgar/data/1002910/000100291021000065/0001002910-21-000065.txt
1699150,IR,0001628280-21-003454,10-K,2020,https://www.sec.gov/Archives/edgar/data/1699150/000162828021003454/0001628280-21-003454.txt
1645590,HPE,0001645590-21-000068,10-K,2021,https://www.sec.gov/Archives/edgar/data/1645590/000164559021000068/0001645590-21-000068.txt
922224,PPL,0000922224-21-000006,10-K,2020,https://www.sec.gov/Archives/edgar/data/922224/000092222421000006/0000922224-21-000006.txt
884887,RCL,0000884887-21-000006,10-K,2020,https://www.sec.gov/Archives/edgar/data/884887/000088488721000006/0000884887-21-000006.txt
65984,ETR,0000065984-21-000096,10-K,2020,https://www.sec.gov/Archives/edgar/data/65984/000006598421000096/0000065984-21-000096.txt
789570,MGM,0001564590-21-009205,10-K,2020,https://www.sec.gov/Archives/edgar/data/789570/000156459021009205/0001564590-21-009205.txt
783280,DRE,0000783280-21-000012,10-K,2020,https://www.sec.gov/Archives/edgar/data/783280/000078328021000012/0000783280-21-000012.txt
1590955,PAYC,0001564590-21-006660,10-K,2020,https://www.sec.gov/Archives/edgar/data/1590955/000156459021006660/0001564590-21-006660.txt
920522,ESS,0000920522-21-000015,10-K,2020,https://www.sec.gov/Archives/edgar/data/920522/000092052221000015/0000920522-21-000015.txt
728535,JBHT,0001437749-21-003667,10-K,2020,https://www.sec.gov/Archives/edgar/data/728535/000143774921003667/0001437749-21-003667.txt
921738,PENN,0000921738-21-000009,10-K,2020,https://www.sec.gov/Archives/edgar/data/921738/000092173821000009/0000921738-21-000009.txt
1111928,IPGP,0001111928-21-000026,10-K,2020,https://www.sec.gov/Archives/edgar/data/1111928/000111192821000026/0001111928-21-000026.txt
899689,VNO,0000899689-22-000006,10-K,2021,https://www.sec.gov/Archives/edgar/data/899689/000089968922000006/0000899689-22-000006.txt
764622,PNW,0000764622-21-000013,10-K,2020,https://www.sec.gov/Archives/edgar/data/764622/000076462221000013/0000764622-21-000013.txt
1336917,UAA,0001336917-21-000009,10-K,2020,https://www.sec.gov/Archives/edgar/data/1336917/000133691721000009/0001336917-21-000009.txt
1501585,HII,0001501585-22-000007,10-K,2021,https://www.sec.gov/Archives/edgar/data/1501585/000150158522000007/0001501585-22-000007.txt
766421,ALK,0000766421-22-000009,10-K,2021,https://www.sec.gov/Archives/edgar/data/766421/000076642122000009/0000766421-22-000009.txt
78239,PVH,0000078239-21-000017,10-K,2020,https://www.sec.gov/Archives/edgar/data/78239/000007823921000017/0000078239-21-000017.txt
1492633,NLSN,0001564590-21-008814,10-K,2020,https://www.sec.gov/Archives/edgar/data/1492633/000156459021008814/0001564590-21-008814.txt
1140536,WTW,0001564590-21-007578,10-K,2020,https://www.sec.gov/Archives/edgar/data/1140536/000156459021007578/0001564590-21-007578.txt
829224,SBUX,0000829224-21-000086,10-K,2021,https://www.sec.gov/Archives/edgar/data/829224/000082922421000086/0000829224-21-000086.txt
711404,COO,0000711404-21-000038,10-K,2021,https://www.sec.gov/Archives/edgar/data/711404/000071140421000038/0000711404-21-000038.txt
946581,TTWO,0001628280-21-010627,10-K,2021,https://www.sec.gov/Archives/edgar/data/946581/000162828021010627/0001628280-21-010627.txt
20286,CINF,0000020286-21-000013,10-K,2020,https://www.sec.gov/Archives/edgar/data/20286/000002028621000013/0000020286-21-000013.txt
860731,TYL,0000860731-21-000014,10-K,2020,https://www.sec.gov/Archives/edgar/data/860731/000086073121000014/0000860731-21-000014.txt
858470,CTRA,0000858470-21-000013,10-K,2020,https://www.sec.gov/Archives/edgar/data/858470/000085847021000013/0000858470-21-000013.txt
79282,BRO,0001564590-21-007624,10-K,2020,https://www.sec.gov/Archives/edgar/data/79282/000156459021007624/0001564590-21-007624.txt
940944,DRI,0000940944-21-000041,10-K,2021,https://www.sec.gov/Archives/edgar/data/940944/000094094421000041/0000940944-21-000041.txt
12208,BIO,0000012208-22-000011,10-K,2021,https://www.sec.gov/Archives/edgar/data/12208/000001220822000011/0000012208-22-000011.txt
97210,TER,0001193125-21-050735,10-K,2020,https://www.sec.gov/Archives/edgar/data/97210/000119312521050735/0001193125-21-050735.txt
1037540,BXP,0001656423-21-000006,10-K,2020,https://www.sec.gov/Archives/edgar/data/1037540/000165642321000006/0001656423-21-000006.txt
1792044,VTRS,0001792044-21-000009,10-K,2020,https://www.sec.gov/Archives/edgar/data/1792044/000179204421000009/0001792044-21-000009.txt
746515,EXPD,0001564590-21-006925,10-K,2020,https://www.sec.gov/Archives/edgar/data/746515/000156459021006925/0001564590-21-006925.txt
40987,GPC,0000040987-21-000009,10-K,2020,https://www.sec.gov/Archives/edgar/data/40987/000004098721000009/0000040987-21-000009.txt
1370637,ETSY,0001370637-21-000012,10-K,2020,https://www.sec.gov/Archives/edgar/data/1370637/000137063721000012/0001370637-21-000012.txt
945841,POOL,0000945841-21-000022,10-K,2020,https://www.sec.gov/Archives/edgar/data/945841/000094584121000022/0000945841-21-000022.txt
811156,CMS,0000811156-22-000048,10-K,2021,https://www.sec.gov/Archives/edgar/data/811156/000081115622000048/0000811156-22-000048.txt
29989,OMC,0000029989-22-000012,10-K,2021,https://www.sec.gov/Archives/edgar/data/29989/000002998922000012/0000029989-22-000012.txt
1086222,AKAM,0001086222-21-000075,10-K,2020,https://www.sec.gov/Archives/edgar/data/1086222/000108622221000075/0001086222-21-000075.txt
1170010,KMX,0001170010-21-000053,10-K,2021,https://www.sec.gov/Archives/edgar/data/1170010/000117001021000053/0001170010-21-000053.txt
51434,IP,0000051434-21-000012,10-K,2020,https://www.sec.gov/Archives/edgar/data/51434/000005143421000012/0000051434-21-000012.txt
1748790,AMCR,0001748790-21-000031,10-K,2021,https://www.sec.gov/Archives/edgar/data/1748790/000174879021000031/0001748790-21-000031.txt
859737,HOLX,0000859737-21-000023,10-K,2021,https://www.sec.gov/Archives/edgar/data/859737/000085973721000023/0000859737-21-000023.txt
21076,CLX,0000021076-21-000016,10-K,2021,https://www.sec.gov/Archives/edgar/data/21076/000002107621000016/0000021076-21-000016.txt
1590895,CZR,0001590895-21-000085,10-K,2020,https://www.sec.gov/Archives/edgar/data/1590895/000159089521000085/0001590895-21-000085.txt
906163,NVR,0000906163-22-000008,10-K,2021,https://www.sec.gov/Archives/edgar/data/906163/000090616322000008/0000906163-22-000008.txt
765880,PEAK,0001628280-22-002117,10-K,2021,https://www.sec.gov/Archives/edgar/data/765880/000162828022002117/0001628280-22-002117.txt
849399,NLOK,0000849399-21-000010,10-K,2021,https://www.sec.gov/Archives/edgar/data/849399/000084939921000010/0000849399-21-000010.txt
1474735,GNRC,0001437749-21-003793,10-K,2020,https://www.sec.gov/Archives/edgar/data/1474735/000143774921003793/0001437749-21-003793.txt
1596783,CTLT,0001596783-21-000110,10-K,2021,https://www.sec.gov/Archives/edgar/data/1596783/000159678321000110/0001596783-21-000110.txt
23217,CAG,0001564590-21-037738,10-K,2021,https://www.sec.gov/Archives/edgar/data/23217/000156459021037738/0001564590-21-037738.txt
1130310,CNP,0001130310-21-000009,10-K,2020,https://www.sec.gov/Archives/edgar/data/1130310/000113031021000009/0001130310-21-000009.txt
1383312,BR,0001383312-21-000047,10-K,2021,https://www.sec.gov/Archives/edgar/data/1383312/000138331221000047/0001383312-21-000047.txt
74208,UDR,0000074208-22-000010,10-K,2021,https://www.sec.gov/Archives/edgar/data/74208/000007420822000010/0000074208-22-000010.txt
1306830,CE,0001306830-22-000017,10-K,2021,https://www.sec.gov/Archives/edgar/data/1306830/000130683022000017/0001306830-22-000017.txt
864749,TRMB,0000864749-21-000029,10-K,2020,https://www.sec.gov/Archives/edgar/data/864749/000086474921000029/0000864749-21-000029.txt
1285785,MOS,0001618034-21-000003,10-K,2020,https://www.sec.gov/Archives/edgar/data/1285785/000161803421000003/0001618034-21-000003.txt
1100682,CRL,0001100682-22-000007,10-K,2021,https://www.sec.gov/Archives/edgar/data/1100682/000110068222000007/0001100682-22-000007.txt
101778,MRO,0000101778-21-000018,10-K,2020,https://www.sec.gov/Archives/edgar/data/101778/000010177821000018/0000101778-21-000018.txt
106040,WDC,0000106040-21-000040,10-K,2021,https://www.sec.gov/Archives/edgar/data/106040/000010604021000040/0000106040-21-000040.txt
1001082,DISH,0001558370-21-001322,10-K,2020,https://www.sec.gov/Archives/edgar/data/1001082/000155837021001322/0001558370-21-001322.txt
943452,WAB,0001628280-21-002557,10-K,2020,https://www.sec.gov/Archives/edgar/data/943452/000162828021002557/0001628280-21-002557.txt
842023,TECH,0001437749-21-020980,10-K,2021,https://www.sec.gov/Archives/edgar/data/842023/000143774921020980/0001437749-21-020980.txt
915389,EMN,0000915389-21-000016,10-K,2020,https://www.sec.gov/Archives/edgar/data/915389/000091538921000016/0000915389-21-000016.txt
1524472,XYL,0001524472-21-000008,10-K,2020,https://www.sec.gov/Archives/edgar/data/1524472/000152447221000008/0001524472-21-000008.txt
1022079,DGX,0001022079-21-000029,10-K,2020,https://www.sec.gov/Archives/edgar/data/1022079/000102207921000029/0001022079-21-000029.txt
11544,WRB,0000011544-21-000013,10-K,2020,https://www.sec.gov/Archives/edgar/data/11544/000001154421000013/0000011544-21-000013.txt
1065696,LKQ,0001065696-21-000010,10-K,2020,https://www.sec.gov/Archives/edgar/data/1065696/000106569621000010/0001065696-21-000010.txt
1286681,DPZ,0001193125-21-055734,10-K,2020,https://www.sec.gov/Archives/edgar/data/1286681/000119312521055734/0001193125-21-055734.txt
52988,J,0000052988-21-000065,10-K,2021,https://www.sec.gov/Archives/edgar/data/52988/000005298821000065/0000052988-21-000065.txt
60086,L,0000060086-22-000007,10-K,2021,https://www.sec.gov/Archives/edgar/data/60086/000006008622000007/0000060086-22-000007.txt
1324404,CF,0001324404-21-000008,10-K,2020,https://www.sec.gov/Archives/edgar/data/1324404/000132440421000008/0001324404-21-000008.txt
38777,BEN,0000038777-21-000205,10-K,2021,https://www.sec.gov/Archives/edgar/data/38777/000003877721000205/0000038777-21-000205.txt
100517,UAL,0000100517-21-000016,10-K,2020,https://www.sec.gov/Archives/edgar/data/100517/000010051721000016/0000100517-21-000016.txt
84839,ROL,0001171200-21-000076,10-K,2020,https://www.sec.gov/Archives/edgar/data/84839/000117120021000076/0001171200-21-000076.txt
1013237,FDS,0001013237-21-000142,10-K,2021,https://www.sec.gov/Archives/edgar/data/1013237/000101323721000142/0001013237-21-000142.txt
217346,TXT,0000217346-21-000019,10-K,2020,https://www.sec.gov/Archives/edgar/data/217346/000021734621000019/0000217346-21-000019.txt
8818,AVY,0001193125-21-055146,10-K,2020,https://www.sec.gov/Archives/edgar/data/8818/000119312521055146/0001193125-21-055146.txt
91419,SJM,0000091419-21-000048,10-K,2021,https://www.sec.gov/Archives/edgar/data/91419/000009141921000048/0000091419-21-000048.txt
96943,TFX,0000096943-21-000013,10-K,2020,https://www.sec.gov/Archives/edgar/data/96943/000009694321000013/0000096943-21-000013.txt
721371,CAH,0000721371-21-000080,10-K,2021,https://www.sec.gov/Archives/edgar/data/721371/000072137121000080/0000721371-21-000080.txt
37785,FMC,0000037785-21-000024,10-K,2020,https://www.sec.gov/Archives/edgar/data/37785/000003778521000024/0000037785-21-000024.txt
1437107,DISCA,0001437107-21-000018,10-K,2020,https://www.sec.gov/Archives/edgar/data/1437107/000143710721000018/0001437107-21-000018.txt
879169,INCY,0001558370-22-000902,10-K,2021,https://www.sec.gov/Archives/edgar/data/879169/000155837022000902/0001558370-22-000902.txt
832101,IEX,0000832101-21-000017,10-K,2020,https://www.sec.gov/Archives/edgar/data/832101/000083210121000017/0000832101-21-000017.txt
4281,HWM,0000004281-22-000004,10-K,2021,https://www.sec.gov/Archives/edgar/data/4281/000000428122000004/0000004281-22-000004.txt
879101,KIM,0001437749-21-003766,10-K,2020,https://www.sec.gov/Archives/edgar/data/879101/000143774921003766/0001437749-21-003766.txt
874761,AES,0000874761-21-000015,10-K,2020,https://www.sec.gov/Archives/edgar/data/874761/000087476121000015/0000874761-21-000015.txt
1711269,EVRG,0001711269-21-000023,10-K,2020,https://www.sec.gov/Archives/edgar/data/1711269/000171126921000023/0001711269-21-000023.txt
1604778,QRVO,0001604778-21-000032,10-K,2021,https://www.sec.gov/Archives/edgar/data/1604778/000160477821000032/0001604778-21-000032.txt
352541,LNT,0000352541-21-000022,10-K,2020,https://www.sec.gov/Archives/edgar/data/352541/000035254121000022/0000352541-21-000022.txt
701985,BBWI,0000701985-21-000011,10-K,2020,https://www.sec.gov/Archives/edgar/data/701985/000070198521000011/0000701985-21-000011.txt
1050915,PWR,0001050915-21-000009,10-K,2020,https://www.sec.gov/Archives/edgar/data/1050915/000105091521000009/0001050915-21-000009.txt
1278021,MKTX,0001564590-21-006981,10-K,2020,https://www.sec.gov/Archives/edgar/data/1278021/000156459021006981/0001564590-21-006981.txt
731802,ATO,0000731802-21-000040,10-K,2021,https://www.sec.gov/Archives/edgar/data/731802/000073180221000040/0000731802-21-000040.txt
1158449,AAP,0001158449-22-000037,10-K,2021,https://www.sec.gov/Archives/edgar/data/1158449/000115844922000037/0001158449-22-000037.txt
62996,MAS,0000062996-22-000011,10-K,2021,https://www.sec.gov/Archives/edgar/data/62996/000006299622000011/0000062996-22-000011.txt
75677,PKG,0001564590-21-008051,10-K,2020,https://www.sec.gov/Archives/edgar/data/75677/000156459021008051/0001564590-21-008051.txt
51644,IPG,0000051644-21-000012,10-K,2020,https://www.sec.gov/Archives/edgar/data/51644/000005164421000012/0000051644-21-000012.txt
315213,RHI,0000315213-22-000018,10-K,2021,https://www.sec.gov/Archives/edgar/data/315213/000031521322000018/0000315213-22-000018.txt
16732,CPB,0000016732-21-000103,10-K,2021,https://www.sec.gov/Archives/edgar/data/16732/000001673221000103/0000016732-21-000103.txt
1564708,NWSA,0001564708-21-000029,10-K,2021,https://www.sec.gov/Archives/edgar/data/1564708/000156470821000029/0001564708-21-000029.txt
815094,ABMD,0001564590-21-029314,10-K,2021,https://www.sec.gov/Archives/edgar/data/815094/000156459021029314/0001564590-21-029314.txt
857005,PTC,0001564590-21-057806,10-K,2021,https://www.sec.gov/Archives/edgar/data/857005/000156459021057806/0001564590-21-057806.txt
1419612,SEDG,0001178913-21-000696,10-K,2020,https://www.sec.gov/Archives/edgar/data/1419612/000117891321000696/0001178913-21-000696.txt
46080,HAS,0000046080-21-000035,10-K,2020,https://www.sec.gov/Archives/edgar/data/46080/000004608021000035/0000046080-21-000035.txt
72331,NDSN,0000072331-21-000079,10-K,2021,https://www.sec.gov/Archives/edgar/data/72331/000007233121000079/0000072331-21-000079.txt
28412,CMA,0000028412-22-000067,10-K,2021,https://www.sec.gov/Archives/edgar/data/28412/000002841222000067/0000028412-22-000067.txt
59558,LNC,0000059558-21-000011,10-K,2020,https://www.sec.gov/Archives/edgar/data/59558/000005955821000011/0000059558-21-000011.txt
1070750,HST,0001564590-21-008676,10-K,2020,https://www.sec.gov/Archives/edgar/data/1070750/000156459021008676/0001564590-21-008676.txt
877890,CTXS,0000877890-22-000019,10-K,2021,https://www.sec.gov/Archives/edgar/data/877890/000087789022000019/0000877890-22-000019.txt
1020569,IRM,0001020569-21-000067,10-K,2020,https://www.sec.gov/Archives/edgar/data/1020569/000102056921000067/0001020569-21-000067.txt
779152,JKHY,0000779152-21-000073,10-K,2021,https://www.sec.gov/Archives/edgar/data/779152/000077915221000073/0000779152-21-000073.txt
1336920,LDOS,0001336920-22-000007,10-K,2021,https://www.sec.gov/Archives/edgar/data/1336920/000133692022000007/0001336920-22-000007.txt
1519751,FBHS,0001564590-21-008129,10-K,2020,https://www.sec.gov/Archives/edgar/data/1519751/000156459021008129/0001564590-21-008129.txt
822416,PHM,0000822416-22-000007,10-K,2021,https://www.sec.gov/Archives/edgar/data/822416/000082241622000007/0000822416-22-000007.txt
1732845,WRK,0001564590-21-057778,10-K,2021,https://www.sec.gov/Archives/edgar/data/1732845/000156459021057778/0001564590-21-057778.txt
106640,WHR,0000106640-22-000015,10-K,2021,https://www.sec.gov/Archives/edgar/data/106640/000010664022000015/0000106640-22-000015.txt
1048695,FFIV,0001048695-21-000044,10-K,2021,https://www.sec.gov/Archives/edgar/data/1048695/000104869521000044/0001048695-21-000044.txt
818479,XRAY,0000818479-21-000007,10-K,2020,https://www.sec.gov/Archives/edgar/data/818479/000081847921000007/0000818479-21-000007.txt
1043277,CHRW,0001043277-21-000009,10-K,2020,https://www.sec.gov/Archives/edgar/data/1043277/000104327721000009/0001043277-21-000009.txt
927066,DVA,0000927066-22-000012,10-K,2021,https://www.sec.gov/Archives/edgar/data/927066/000092706622000012/0000927066-22-000012.txt
1095073,RE,0001095073-21-000006,10-K,2020,https://www.sec.gov/Archives/edgar/data/1095073/000109507321000006/0001095073-21-000006.txt
91142,AOS,0000091142-22-000028,10-K,2021,https://www.sec.gov/Archives/edgar/data/91142/000009114222000028/0000091142-22-000028.txt
109380,ZION,0000109380-21-000082,10-K,2020,https://www.sec.gov/Archives/edgar/data/109380/000010938021000082/0000109380-21-000082.txt
6201,AAL,0000006201-21-000014,10-K,2020,https://www.sec.gov/Archives/edgar/data/6201/000000620121000014/0000006201-21-000014.txt
91440,SNA,0000091440-22-000005,10-K,2021,https://www.sec.gov/Archives/edgar/data/91440/000009144022000005/0000091440-22-000005.txt
1111711,NI,0001111711-21-000010,10-K,2020,https://www.sec.gov/Archives/edgar/data/1111711/000111171121000010/0001111711-21-000010.txt
910606,REG,0001564590-21-006390,10-K,2020,https://www.sec.gov/Archives/edgar/data/910606/000156459021006390/0001564590-21-006390.txt
1043604,JNPR,0001043604-22-000017,10-K,2021,https://www.sec.gov/Archives/edgar/data/1043604/000104360422000017/0001043604-22-000017.txt
1116132,TPR,0001116132-21-000020,10-K,2021,https://www.sec.gov/Archives/edgar/data/1116132/000111613221000020/0001116132-21-000020.txt
24545,TAP,0000024545-21-000004,10-K,2020,https://www.sec.gov/Archives/edgar/data/24545/000002454521000004/0000024545-21-000004.txt
1174922,WYNN,0001174922-21-000029,10-K,2020,https://www.sec.gov/Archives/edgar/data/1174922/000117492221000029/0001174922-21-000029.txt
352915,UHS,0001564590-21-008851,10-K,2020,https://www.sec.gov/Archives/edgar/data/352915/000156459021008851/0001564590-21-008851.txt
814453,NWL,0000814453-22-000017,10-K,2021,https://www.sec.gov/Archives/edgar/data/814453/000081445322000017/0000814453-22-000017.txt
1579241,ALLE,0001579241-22-000019,10-K,2021,https://www.sec.gov/Archives/edgar/data/1579241/000157924122000019/0001579241-22-000019.txt
1725057,CDAY,0001564590-21-009508,10-K,2020,https://www.sec.gov/Archives/edgar/data/1725057/000156459021009508/0001564590-21-009508.txt
914208,IVZ,0000914208-21-000331,10-K,2020,https://www.sec.gov/Archives/edgar/data/914208/000091420821000331/0000914208-21-000331.txt
1000228,HSIC,0001000228-22-000016,10-K,2021,https://www.sec.gov/Archives/edgar/data/1000228/000100022822000016/0001000228-22-000016.txt
320335,GL,0000320335-21-000010,10-K,2020,https://www.sec.gov/Archives/edgar/data/320335/000032033521000010/0000320335-21-000010.txt
908255,BWA,0000908255-22-000009,10-K,2021,https://www.sec.gov/Archives/edgar/data/908255/000090825522000009/0000908255-22-000009.txt
18926,LUMN,0000018926-21-000017,10-K,2020,https://www.sec.gov/Archives/edgar/data/18926/000001892621000017/0000018926-21-000017.txt
77360,PNR,0000077360-21-000005,10-K,2020,https://www.sec.gov/Archives/edgar/data/77360/000007736021000005/0000077360-21-000005.txt
851968,MHK,0000851968-21-000019,10-K,2020,https://www.sec.gov/Archives/edgar/data/851968/000085196821000019/0000851968-21-000019.txt
1679273,LW,0001558370-21-009330,10-K,2021,https://www.sec.gov/Archives/edgar/data/1679273/000155837021009330/0001558370-21-009330.txt
1013871,NRG,0001013871-21-000005,10-K,2020,https://www.sec.gov/Archives/edgar/data/1013871/000101387121000005/0001013871-21-000005.txt
1012100,SEE,0001628280-21-003329,10-K,2020,https://www.sec.gov/Archives/edgar/data/1012100/000162828021003329/0001628280-21-003329.txt
1688568,DXC,0001688568-21-000029,10-K,2021,https://www.sec.gov/Archives/edgar/data/1688568/000168856821000029/0001688568-21-000029.txt
1267238,AIZ,0001267238-21-000010,10-K,2020,https://www.sec.gov/Archives/edgar/data/1267238/000126723821000010/0001267238-21-000010.txt
34903,FRT,0000034903-22-000023,10-K,2021,https://www.sec.gov/Archives/edgar/data/34903/000003490322000023/0000034903-22-000023.txt
1037038,RL,0001037038-21-000022,10-K,2021,https://www.sec.gov/Archives/edgar/data/1037038/000103703821000022/0001037038-21-000022.txt
1378946,PBCT,0001628280-21-003563,10-K,2020,https://www.sec.gov/Archives/edgar/data/1378946/000162828021003563/0001628280-21-003563.txt
1513761,NCLH,0001558370-21-001998,10-K,2020,https://www.sec.gov/Archives/edgar/data/1513761/000155837021001998/0001558370-21-001998.txt
740260,VTR,0000740260-21-000048,10-K,2020,https://www.sec.gov/Archives/edgar/data/740260/000074026021000048/0000740260-21-000048.txt
1280452,MPWR,0001437749-21-004587,10-K,2020,https://www.sec.gov/Archives/edgar/data/1280452/000143774921004587/0001437749-21-004587.txt
1175454,FLT,0001175454-21-000022,10-K,2020,https://www.sec.gov/Archives/edgar/data/1175454/000117545421000022/0001175454-21-000022.txt
1126328,PFG,0001104659-22-020401,10-K,2021,https://www.sec.gov/Archives/edgar/data/1126328/000110465922020401/0001104659-22-020401.txt
1403568,ULTA,0001558370-21-003523,10-K,2020,https://www.sec.gov/Archives/edgar/data/1403568/000155837021003523/0001558370-21-003523.txt
1002047,NTAP,0001564590-21-033645,10-K,2021,https://www.sec.gov/Archives/edgar/data/1002047/000156459021033645/0001564590-21-033645.txt
1094285,TDY,0001094285-21-000066,10-K,2020,https://www.sec.gov/Archives/edgar/data/1094285/000109428521000066/0001094285-21-000066.txt
1000697,WAT,0001193125-21-054385,10-K,2020,https://www.sec.gov/Archives/edgar/data/1000697/000119312521054385/0001193125-21-054385.txt
1463101,ENPH,0001463101-22-000016,10-K,2021,https://www.sec.gov/Archives/edgar/data/1463101/000146310122000016/0001463101-22-000016.txt
1403161,V,0001403161-21-000060,10-K,2021,https://www.sec.gov/Archives/edgar/data/1403161/000140316121000060/0001403161-21-000060.txt